{
  "name": "brand",
  "colors": [
    {
      "hex": "#d9d9d9",
      "rgb": {
        "r": 217.32463961881018,
        "g": 217.3154566838899,
        "b": 217.30041315667785
      },
      "hsl": {
        "h": 37.25726141075081,
        "s": 0.03214126579775644,
        "l": 85.22059858342902
      },
      "population": 198956,
      "role": "background"
    },
    {
      "hex": "#0d0d0d",
      "rgb": {
        "r": 13.315370396701265,
        "g": 13.315796957201764,
        "b": 13.316507891369259
      },
      "hsl": {
        "h": 217.49999999997667,
        "s": 0.004271177029606506,
        "l": 5.221936919229515
      },
      "population": 7033,
      "role": "surface"
    },
    {
      "hex": "#010101",
      "rgb": {
        "r": 1.2389078498293515,
        "g": 1.2368600682593858,
        "b": 1.2389078498293515
      },
      "hsl": {
        "h": 300,
        "s": 0.08271298593878844,
        "l": 0.48544468982132105
      },
      "population": 1465,
      "role": "text"
    },
    {
      "hex": "#6d80a6",
      "rgb": {
        "r": 108.54697986577182,
        "g": 127.78859060402685,
        "b": 165.99496644295303
      },
      "hsl": {
        "h": 219.90361868045213,
        "s": 24.398395245594408,
        "l": 53.831754178181335
      },
      "population": 596,
      "role": "accent"
    }
  ]
}