{
  "name": "demo-inverse",
  "colors": [
    {
      "hex": "#141414",
      "rgb": {
        "r": 20,
        "g": 20,
        "b": 20
      },
      "hsl": {
        "h": 0,
        "s": 0,
        "l": 7.8431372549019605
      },
      "population": 198956,
      "role": "background"
    },
    {
      "hex": "#2e2e2e",
      "rgb": {
        "r": 46,
        "g": 46,
        "b": 46
      },
      "hsl": {
        "h": 0,
        "s": 0,
        "l": 18.03921568627451
      },
      "population": 7033,
      "role": "surface"
    },
    {
      "hex": "#f5f5f5",
      "rgb": {
        "r": 245,
        "g": 245,
        "b": 245
      },
      "hsl": {
        "h": 0,
        "s": 0,
        "l": 96.07843137254902
      },
      "population": 1465,
      "role": "text"
    },
    {
      "hex": "#1d62ed",
      "rgb": {
        "r": 29,
        "g": 98,
        "b": 237
      },
      "hsl": {
        "h": 220.09615384615384,
        "s": 85.24590163934427,
        "l": 52.156862745098046
      },
      "population": 596,
      "role": "accent"
    }
  ]
}